<?xml version="1.0" encoding="UTF-8" standalone="no" ?>
<application xmlns="http://ns.adobe.com/air/application/3.1">

  <id>astrododger</id>
  <versionNumber>1.0.5</versionNumber>
  <versionLabel>1.0.5</versionLabel>
  <filename>admob_example</filename>
  <description/>

  <extensions>
      <extensionID>com.hdi.nativeExtensions.NativeAds</extensionID>
  </extensions>



  

<!-- To localize the description, use the following format for the description element.<description><text xml:lang="en">English App description goes here</text><text xml:lang="fr">French App description goes here</text><text xml:lang="ja">Japanese App description goes here</text></description>-->

  <name>admob_example</name>



  

<!-- To localize the name, use the following format for the name element.<name><text xml:lang="en">English App name goes here</text><text xml:lang="fr">French App name goes here</text><text xml:lang="ja">Japanese App name goes here</text></name>-->

  <copyright/>

  <initialWindow>
    <content>admob_example.swf</content>
    <systemChrome>standard</systemChrome>
    <transparent>false</transparent>
    <visible>true</visible>
    <fullScreen>true</fullScreen>
    <aspectRatio>portrait</aspectRatio>
    <renderMode>cpu</renderMode>
    <autoOrients>false</autoOrients>
  </initialWindow>
<!--
  <icon>
    <image36x36>icons/astro_dodger_app_icon_36x36.png</image36x36>
    <image48x48>icons/astro_dodger_app_icon_48x48.png</image48x48>
    <image72x72>icons/astro_dodger_app_icon_72x72.png</image72x72>
  </icon>
-->
  <customUpdateUI>false</customUpdateUI>

  <allowBrowserInvocation>false</allowBrowserInvocation>

  <android>
    <manifestAdditions>
      
      

      <![CDATA[<manifest android:installLocation="preferExternal">
<application>	  
	  <activity android:name="com.google.ads.AdActivity" android:configChanges="keyboard|keyboardHidden|orientation|screenLayout|uiMode|screenSize|smallestScreenSize"/>
</application>
<uses-permission android:name="android.permission.INTERNET"/>
<uses-permission android:name="android.permission.WRITE_EXTERNAL_STORAGE"/>
<uses-permission android:name="android.permission.READ_PHONE_STATE"/>
<uses-permission android:name="android.permission.ACCESS_COARSE_LOCATION"/>
<uses-permission android:name="android.permission.WAKE_LOCK"/>
<uses-permission android:name="android.permission.ACCESS_NETWORK_STATE"/>
<uses-permission android:name="android.permission.ACCESS_WIFI_STATE"/>
<uses-permission android:name="android.permission.VIBRATE"/>
</manifest>]]>
    </manifestAdditions>
  </android>


</application>
